{"cameraMode":{"drawMode":0,"name":"Shaded","section":"Shading Mode"},"sceneLighting":true,"audioPlay":false,"sceneViewState":{"showFog":true,"showMaterialUpdate":false,"showSkybox":true,"showFlares":true,"showImageEffects":true,"showParticleSystems":true,"showVisualEffectGraphs":true,"m_FxEnabled":true},"in2DMode":false,"pivot":{"x":113.19093322753906,"y":77.7435531616211,"z":-3.48553466796875},"rotation":{"x":0.0019932358991354706,"y":0.9977564215660095,"z":-0.057243168354034427,"w":0.03473673015832901},"size":94.51222229003906,"orthographic":false}