{"cameraMode":{"drawMode":0,"name":"Shaded","section":"Shading Mode"},"sceneLighting":true,"audioPlay":false,"sceneViewState":{"m_AlwaysRefresh":false,"showFog":true,"showSkybox":true,"showFlares":true,"showImageEffects":true,"showParticleSystems":true,"showVisualEffectGraphs":true,"m_FxEnabled":true},"in2DMode":false,"pivot":{"x":1.0922412872314454,"y":-0.5316317081451416,"z":-1.494824767112732},"rotation":{"x":0.025234494358301164,"y":-0.8536062240600586,"z":0.5186641216278076,"w":0.04152638837695122},"size":1.5478711128234864,"orthographic":false}