{"cameraMode":{"drawMode":0,"name":"Shaded","section":"Shading Mode"},"sceneLighting":false,"audioPlay":false,"sceneViewState":{"showFog":true,"showMaterialUpdate":false,"showSkybox":false,"showFlares":true,"showImageEffects":true,"showParticleSystems":true},"in2DMode":false,"pivot":{"x":18.021080017089845,"y":443.55377197265627,"z":8.469354629516602},"rotation":{"x":-0.19502504169940949,"y":-0.8007202744483948,"z":0.41692808270454409,"w":-0.3836846351623535},"size":67.08203887939453,"orthographic":false}