{"cameraMode":{"drawMode":0,"name":"Shaded","section":"Shading Mode"},"sceneLighting":true,"audioPlay":false,"sceneViewState":{"showFog":true,"showMaterialUpdate":false,"showSkybox":true,"showFlares":true,"showImageEffects":true,"showParticleSystems":true},"in2DMode":false,"pivot":{"x":-3.8861334323883058,"y":-3.3528242111206056,"z":-9.495773315429688},"rotation":{"x":0.05326102301478386,"y":-0.9466840028762817,"z":0.23016449809074403,"w":0.21906299889087678},"size":9.970100402832032,"orthographic":false}