{"cameraMode":{"drawMode":0,"name":"Shaded","section":"Shading Mode"},"sceneLighting":true,"audioPlay":false,"sceneViewState":{"showFog":true,"showMaterialUpdate":false,"showSkybox":true,"showFlares":true,"showImageEffects":true,"showParticleSystems":true},"in2DMode":false,"pivot":{"x":-0.07649088650941849,"y":2.960252285003662,"z":0.3439713418483734},"rotation":{"x":-0.2485802322626114,"y":-0.5907307863235474,"z":0.19799445569515229,"w":-0.7416741251945496},"size":0.21803107857704163,"orthographic":false}