{"cameraMode":{"drawMode":0,"name":"Shaded","section":"Shading Mode"},"sceneLighting":true,"audioPlay":false,"sceneViewState":{"showFog":true,"showMaterialUpdate":false,"showSkybox":true,"showFlares":true,"showImageEffects":true,"showParticleSystems":true},"in2DMode":false,"pivot":{"x":-0.7151211500167847,"y":-2.5878705978393556,"z":3.7385995388031008},"rotation":{"x":-0.4901447892189026,"y":0.0449533574283123,"z":-0.02531242184340954,"w":-0.8701249361038208},"size":3.561877727508545,"orthographic":false}