{"cameraMode":{"drawMode":0,"name":"Shaded","section":"Shading Mode"},"sceneLighting":false,"audioPlay":false,"sceneViewState":{"showFog":true,"showMaterialUpdate":false,"showSkybox":false,"showFlares":true,"showImageEffects":true,"showParticleSystems":true},"in2DMode":false,"pivot":{"x":5.703661918640137,"y":1.1628971099853516,"z":3.961329698562622},"rotation":{"x":0.5446203351020813,"y":-0.07323432713747025,"z":0.04795689508318901,"w":0.8341943025588989},"size":9.749667167663575,"orthographic":false}