{"cameraMode":{"drawMode":0,"name":"Shaded","section":"Shading Mode"},"sceneLighting":false,"audioPlay":false,"sceneViewState":{"showFog":true,"showMaterialUpdate":false,"showSkybox":false,"showFlares":true,"showImageEffects":true,"showParticleSystems":true},"in2DMode":false,"pivot":{"x":-13.205242156982422,"y":-14.805547714233399,"z":6.004942893981934},"rotation":{"x":0.32866156101226809,"y":-0.5015666484832764,"z":0.21387024223804475,"w":0.7712560892105103},"size":11.532770156860352,"orthographic":false}