{"cameraMode":{"drawMode":0,"name":"Shaded","section":"Shading Mode"},"sceneLighting":true,"audioPlay":false,"sceneViewState":{"showFog":true,"showMaterialUpdate":false,"showSkybox":true,"showFlares":true,"showImageEffects":true,"showParticleSystems":true},"in2DMode":false,"pivot":{"x":3.49184250831604,"y":-0.7276597023010254,"z":-1.6531667709350587},"rotation":{"x":-0.14649052917957307,"y":-0.8135094046592712,"z":0.23251937329769135,"w":-0.5125311613082886},"size":1.9243099689483643,"orthographic":false}