{"cameraMode":{"drawMode":0,"name":"Shaded","section":"Shading Mode"},"sceneLighting":true,"audioPlay":false,"sceneViewState":{"showFog":true,"showMaterialUpdate":false,"showSkybox":true,"showFlares":true,"showImageEffects":true,"showParticleSystems":true},"in2DMode":false,"pivot":{"x":2.9058008193969728,"y":0.9609453082084656,"z":2.020359516143799},"rotation":{"x":-0.102230966091156,"y":-0.42598652839660647,"z":0.04851097986102104,"w":-0.8976365327835083},"size":1.1767104864120484,"orthographic":false}