{"cameraMode":{"drawMode":0,"name":"Shaded","section":"Shading Mode"},"sceneLighting":true,"audioPlay":false,"sceneViewState":{"showFog":true,"showMaterialUpdate":false,"showSkybox":true,"showFlares":true,"showImageEffects":true,"showParticleSystems":true},"in2DMode":false,"pivot":{"x":3.8061423301696779,"y":-0.1574399471282959,"z":-1.6160778999328614},"rotation":{"x":0.11823002249002457,"y":0.7540814280509949,"z":-0.1414308398962021,"w":0.6303956508636475},"size":2.6031906604766847,"orthographic":false}