{"cameraMode":{"drawMode":0,"name":"Shaded","section":"Shading Mode"},"sceneLighting":true,"audioPlay":false,"sceneViewState":{"showFog":true,"showMaterialUpdate":false,"showSkybox":true,"showFlares":true,"showImageEffects":true,"showParticleSystems":true},"in2DMode":false,"pivot":{"x":0.021881617605686189,"y":799.0443725585938,"z":6.971888065338135},"rotation":{"x":0.003600419033318758,"y":-0.0005904881982132793,"z":-0.00001660514681134373,"w":-1.0000110864639283},"size":3.503190517425537,"orthographic":false}