{"cameraMode":{"drawMode":0,"name":"Shaded","section":"Shading Mode"},"sceneLighting":true,"audioPlay":false,"sceneViewState":{"showFog":true,"showMaterialUpdate":false,"showSkybox":true,"showFlares":true,"showImageEffects":true,"showParticleSystems":true},"in2DMode":false,"pivot":{"x":0.4236330986022949,"y":1.8274668455123902,"z":-0.04881572723388672},"rotation":{"x":-0.31793659925460818,"y":-0.4670755863189697,"z":0.1846591830253601,"w":-0.8041645288467407},"size":1.3025859594345093,"orthographic":false}