{"cameraMode":{"drawMode":0,"name":"Shaded","section":"Shading Mode"},"sceneLighting":true,"audioPlay":false,"sceneViewState":{"showFog":true,"showMaterialUpdate":false,"showSkybox":true,"showFlares":true,"showImageEffects":true,"showParticleSystems":true},"in2DMode":false,"pivot":{"x":4.178188800811768,"y":0.0397951602935791,"z":-1.5395985841751099},"rotation":{"x":0.11891971528530121,"y":0.766270101070404,"z":-0.14848023653030396,"w":0.6137145161628723},"size":2.7244460582733156,"orthographic":false}