{"cameraMode":{"drawMode":0,"name":"Shaded","section":"Shading Mode"},"sceneLighting":true,"audioPlay":false,"sceneViewState":{"showFog":true,"showMaterialUpdate":false,"showSkybox":true,"showFlares":true,"showImageEffects":true,"showParticleSystems":true},"in2DMode":false,"pivot":{"x":-1.0372711420059205,"y":-3.3584117889404299,"z":3.015784502029419},"rotation":{"x":-0.5540072917938232,"y":0.15586277842521668,"z":-0.10649314522743225,"w":-0.8108375072479248},"size":4.245951175689697,"orthographic":false}