{"cameraMode":{"drawMode":0,"name":"Shaded","section":"Shading Mode"},"sceneLighting":true,"audioPlay":false,"sceneViewState":{"showFog":true,"showMaterialUpdate":false,"showSkybox":true,"showFlares":true,"showImageEffects":true,"showParticleSystems":true},"in2DMode":false,"pivot":{"x":-0.4698420763015747,"y":1.153000831604004,"z":7.935333728790283},"rotation":{"x":0.24576792120933534,"y":0.025865821167826654,"z":-0.006551481317728758,"w":0.9689775705337524},"size":4.165187358856201,"orthographic":false}