{"cameraMode":{"drawMode":0,"name":"Shaded","section":"Shading Mode"},"sceneLighting":true,"audioPlay":false,"sceneViewState":{"showFog":true,"showMaterialUpdate":false,"showSkybox":true,"showFlares":true,"showImageEffects":true,"showParticleSystems":true},"in2DMode":false,"pivot":{"x":-0.3480203449726105,"y":3.1113121509552,"z":3.5562868118286135},"rotation":{"x":-0.29416635632514956,"y":0.0696072205901146,"z":-0.02147895097732544,"w":-0.9529913067817688},"size":3.1103827953338625,"orthographic":false}